{
  "label": "GAD",
  "threshold": 0.15656565656565657,
  "feature_columns": [
    "Age",
    "Sex",
    "BMI",
    "SDNN",
    "LF",
    "HF",
    "LFHF",
    "MEANH",
    "TP",
    "VLF",
    "NLF",
    "HRV_Mean",
    "LF_HF_Ratio",
    "HF_TP_Ratio"
  ],
  "outlier_bounds": {
    "SDNN": [
      -33.0,
      100.0
    ],
    "LF": [
      -1010.0,
      1643.0
    ],
    "HF": [
      -740.0,
      1171.0
    ],
    "LFHF": [
      -4.789662465730905,
      8.179402514578843
    ],
    "MEANH": [
      23.0,
      128.0
    ],
    "TP": [
      -3390.0,
      5885.0
    ],
    "VLF": [
      -1573.0,
      2711.0
    ],
    "NLF": [
      -57.596508221508245,
      159.36748863219452
    ],
    "Age": [
      -16.0,
      103.0
    ],
    "BMI": [
      2.8411808890445727,
      43.630348837348805
    ],
    "HRV_Mean": [
      -832.1687676880044,
      1484.6541005135564
    ],
    "LF_HF_Ratio": [
      -4.80636574420808,
      8.185335629194395
    ]
  },
  "best_fold": 2,
  "files": {
    "model": "GAD_best.joblib",
    "scaler": "GAD_best_scaler.joblib",
    "imputer": "GAD_best_imputer.joblib"
  }
}