{
  "label": "MDD",
  "threshold": 0.8515151515151514,
  "feature_columns": [
    "Age",
    "Sex",
    "BMI",
    "SDNN",
    "LF",
    "HF",
    "LFHF",
    "MEANH",
    "TP",
    "VLF",
    "NLF",
    "HRV_Mean",
    "LF_HF_Ratio",
    "HF_TP_Ratio"
  ],
  "outlier_bounds": {
    "SDNN": [
      -39.0,
      108.0
    ],
    "LF": [
      -979.0,
      1614.5
    ],
    "HF": [
      -788.0,
      1224.5
    ],
    "LFHF": [
      -4.871144287713577,
      8.276610077796155
    ],
    "MEANH": [
      20.0,
      132.0
    ],
    "TP": [
      -3427.5,
      6012.0
    ],
    "VLF": [
      -1841.0,
      3111.5
    ],
    "NLF": [
      -61.16315090745882,
      163.91404357937472
    ],
    "Age": [
      -16.0,
      103.0
    ],
    "BMI": [
      3.367970754103098,
      43.231555416565534
    ],
    "HRV_Mean": [
      -814.945258043354,
      1485.5487256810552
    ],
    "LF_HF_Ratio": [
      -4.830857327463486,
      8.20545903406337
    ]
  },
  "best_fold": 1,
  "files": {
    "model": "MDD_best.joblib",
    "scaler": "MDD_best_scaler.joblib",
    "imputer": "MDD_best_imputer.joblib"
  }
}